t_wall,t_sim,x,y,yaw,goal_x,goal_y
0.08583024190738797,0.0800000000000054,-1.1037372713890268,-1.0552865873236037,-0.6868139317886982,1.0,-2.0
0.3010970721952617,0.2600000000000051,-1.0822761134358523,-1.0697584152191135,-0.43761940784978826,1.0,-2.0
0.4013546989299357,0.35999999999999943,-1.0673420390176815,-1.07532511438309,-0.2865092969759502,1.0,-2.0
0.601788196247071,0.5600000000000023,-1.033846010835139,-1.0839550667293003,-0.2427966456987862,1.0,-2.0
0.7017212361097336,0.6599999999999966,-1.016126290719423,-1.0883485811326319,-0.2420388657477626,1.0,-2.0
0.8019207939505577,0.7600000000000051,-0.9981276794774582,-1.0927873233413343,-0.24208910670793296,1.0,-2.0
0.9017586149275303,0.8599999999999994,-0.9799108375545384,-1.0972902919184124,-0.24281404486388472,1.0,-2.0
1.0018727239221334,0.960000000000008,-0.9615194692211905,-1.101861517142168,-0.2443654380187922,1.0,-2.0
1.1021072519943118,1.0600000000000023,-0.9429819401353148,-1.10650322411275,-0.24638344913417137,1.0,-2.0
1.2018189430236816,1.1599999999999966,-0.9249638699352813,-1.111033313379732,-0.238550080276943,1.0,-2.0
1.3020610911771655,1.2600000000000051,-0.9078941592819547,-1.1141881950050452,-0.10669029152161873,1.0,-2.0
1.4020192711614072,1.3599999999999994,-0.8932511721266139,-1.1143444159526419,0.09520538166488796,1.0,-2.0
1.5022568991407752,1.460000000000008,-0.8807552740346407,-1.1119624252318403,0.2941075832340856,1.0,-2.0
1.6020728601142764,1.5600000000000023,-0.871441446177302,-1.1081650300371098,0.49258562039364884,1.0,-2.0
1.7023648973554373,1.6599999999999966,-0.8643229971370886,-1.1034549645595195,0.6895802482914571,1.0,-2.0
1.8021752783097327,1.7600000000000051,-0.8536081296397301,-1.0930289243139972,0.8323513229765547,1.0,-2.0
1.902173507027328,1.8599999999999994,-0.8435640302099714,-1.0816092073360226,0.8473867496741336,1.0,-2.0
2.0022378959693015,1.960000000000008,-0.832835404531586,-1.0705023127912827,0.7368498118418035,1.0,-2.0
2.1025613229721785,2.0600000000000023,-0.8195144628270497,-1.0605960802612515,0.5364585468923911,1.0,-2.0
2.202730532269925,2.1599999999999966,-0.8050948811322102,-1.0538063381161193,0.346953301647062,1.0,-2.0
2.3025779323652387,2.260000000000005,-0.7885871069382067,-1.0486414457192568,0.27333502439874385,1.0,-2.0
2.402274163905531,2.3599999999999994,-0.7689777478545079,-1.0434447406150114,0.24775879921728883,1.0,-2.0
2.5028101792559028,2.460000000000008,-0.7490747904171142,-1.0387137668670197,0.22027986903461763,1.0,-2.0
2.602824059315026,2.5600000000000023,-0.7290356761904491,-1.0345042152161152,0.1933083964795315,1.0,-2.0
2.702823758125305,2.6599999999999966,-0.7088766256565154,-1.0308286056618927,0.16672204065575266,1.0,-2.0
2.802828077226877,2.760000000000005,-0.6886175900815231,-1.0276923335240453,0.1402861553737095,1.0,-2.0
2.902736807242036,2.8599999999999994,-0.6682733098905157,-1.025093229400023,0.113929514348286,1.0,-2.0
3.002991213928908,2.960000000000008,-0.6478500370507349,-1.0230285862955062,0.08767670261775498,1.0,-2.0
3.104216204956174,3.0799999999999983,-0.6232547042556811,-1.0212546977349766,0.056532616172521956,1.0,-2.0
3.2042219443246722,3.180000000000007,-0.6028314008937788,-1.0202847758232096,0.053461390232656454,1.0,-2.0
3.3053638651035726,3.280000000000001,-0.5825891999910575,-1.0181211148966205,0.17705533094862186,1.0,-2.0
3.4052986851893365,3.3799999999999955,-0.5617789985187864,-1.0125900684739375,0.3371773019675292,1.0,-2.0
3.505278483964503,3.480000000000004,-0.5420456344252654,-1.0039323955168933,0.49240042930862915,1.0,-2.0
3.6053504329174757,3.5799999999999983,-0.5238666211969987,-0.9923292121704717,0.6459658867555813,1.0,-2.0
3.706016077194363,3.680000000000007,-0.5076415100857783,-0.978084186748295,0.7967931746217435,1.0,-2.0
3.8054786203429103,3.780000000000001,-0.49371703463327243,-0.9615627223801162,0.9454547656615597,1.0,-2.0
3.90545725915581,3.8799999999999955,-0.48233308328323926,-0.9431708813702385,1.0881623441748351,1.0,-2.0
4.005532168317586,3.980000000000004,-0.4736149472872016,-0.9233603941137295,1.2249968853304498,1.0,-2.0
4.105637546163052,4.079999999999998,-0.46760895355215204,-0.902553349395355,1.3572282388473764,1.0,-2.0
4.205645445268601,4.180000000000007,-0.4644582524573883,-0.8814474879761836,1.4856412299816102,1.0,-2.0
4.305689723230898,4.280000000000001,-0.46296752187645174,-0.8600917632468097,1.496844851634567,1.0,-2.0
4.4057438019663095,4.3799999999999955,-0.4603990991212668,-0.8384053386824462,1.3879912717780558,1.0,-2.0
4.506389477290213,4.480000000000004,-0.45488168674618285,-0.8168675625405236,1.2497566153681483,1.0,-2.0
4.606412664987147,4.579999999999998,-0.44636630048324616,-0.7963262250801625,1.1034860194798888,1.0,-2.0
4.706047797109932,4.680000000000007,-0.4350074338074201,-0.7772256212509855,0.9663000829700916,1.0,-2.0
4.805913517251611,4.780000000000001,-0.421268837341893,-0.7597726744539562,0.838849496163917,1.0,-2.0
4.905927976127714,4.8799999999999955,-0.4054181163939109,-0.7442075091836894,0.7119592977846024,1.0,-2.0
5.006008693948388,4.980000000000004,-0.38774879844106114,-0.7307497591773133,0.5903376449994985,1.0,-2.0
5.106059302110225,5.079999999999998,-0.3686313799049464,-0.7194648925714727,0.47680260897721544,1.0,-2.0
5.206747126299888,5.180000000000007,-0.34898379279820024,-0.7106964809751439,0.35121090712917274,1.0,-2.0
5.306110070087016,5.280000000000001,-0.32906114911810147,-0.704557609165147,0.24808232241237282,1.0,-2.0
5.4061508579179645,5.3799999999999955,-0.30836961907300825,-0.700407697720374,0.1529667959271407,1.0,-2.0
5.506836892105639,5.480000000000004,-0.2872545541932447,-0.6980521490452654,0.07225756326144879,1.0,-2.0
5.606848461087793,5.579999999999998,-0.2661215588857183,-0.6972301024073106,0.007631741883627818,1.0,-2.0
5.706292594317347,5.680000000000007,-0.2453387642508312,-0.6975838275004883,-0.040544284526477924,1.0,-2.0
5.806349352002144,5.780000000000001,-0.22472593915820663,-0.6988169141349737,-0.0777758015018706,1.0,-2.0
5.906986006069928,5.8799999999999955,-0.20429751207198982,-0.7007241713980173,-0.10755453748603185,1.0,-2.0
6.006408279296011,5.980000000000004,-0.18406036168699033,-0.7031981416845277,-0.13555050225240592,1.0,-2.0
6.107077883090824,6.079999999999998,-0.16405736197858994,-0.7061995895368821,-0.16196874188779936,1.0,-2.0
6.206510376185179,6.180000000000007,-0.14345332686278958,-0.7100949536683128,-0.24509822478260074,1.0,-2.0
6.306530704256147,6.280000000000001,-0.12238596333008424,-0.7172499325060817,-0.39662817460561806,1.0,-2.0
6.406555823050439,6.3799999999999955,-0.10260233118113601,-0.7274257388672485,-0.5479145536519167,1.0,-2.0
6.506605731323361,6.480000000000004,-0.08449069664498997,-0.740323773054756,-0.6882034287634847,1.0,-2.0
6.606655299197882,6.579999999999998,-0.0682442837158683,-0.7554280787747552,-0.8071303469595466,1.0,-2.0
6.706912116147578,6.680000000000007,-0.054113237364750946,-0.7718268409873835,-0.9094436628472082,1.0,-2.0
6.806746026035398,6.780000000000001,-0.040977172617036636,-0.7885922842694475,-0.8874121939525285,1.0,-2.0
6.907769287005067,6.8799999999999955,-0.02852350456736484,-0.8024471454479228,-0.7744695769590833,1.0,-2.0
7.00843454990536,6.980000000000004,-0.015389769821340495,-0.8137542886529466,-0.6722672647959879,1.0,-2.0
7.10833542002365,7.079999999999998,-0.0016708296565131964,-0.8247691475958508,-0.6990220128827385,1.0,-2.0
7.20853375736624,7.180000000000007,0.013064958265775244,-0.8383562928952252,-0.7742918933241263,1.0,-2.0
7.30864370521158,7.280000000000001,0.02746780666606041,-0.8523256542682975,-0.7745198113616296,1.0,-2.0
7.408707852009684,7.3799999999999955,0.04178702624558726,-0.866394350519807,-0.77797319598748,1.0,-2.0
7.5081320949830115,7.480000000000004,0.0560400475955294,-0.8805395268492116,-0.7833579161999135,1.0,-2.0
7.608841318171471,7.579999999999998,0.07023390639284849,-0.894757973044017,-0.7884698684082093,1.0,-2.0
7.708900456316769,7.680000000000007,0.08437936472145346,-0.9090503614780892,-0.7927388996415833,1.0,-2.0
7.808874755166471,7.780000000000001,0.09848459694038443,-0.9234135261013703,-0.7964469983056354,1.0,-2.0
7.9089546129107475,7.8799999999999955,0.11255697651497551,-0.9378474532035682,-0.7997943340882884,1.0,-2.0
8.008475504349917,7.980000000000004,0.12660461231094997,-0.952348532876468,-0.8028191368368632,1.0,-2.0
8.109132918063551,8.079999999999998,0.140637888719864,-0.9669159461528364,-0.805341187579427,1.0,-2.0
8.20911801699549,8.180000000000007,0.1545737845163611,-0.9815449337713242,-0.8249825059078574,1.0,-2.0
8.309197573922575,8.280000000000001,0.16806230635111966,-0.9967390827255483,-0.8606523950552036,1.0,-2.0
8.408718876075,8.379999999999995,0.18108825554709718,-1.0124815731159105,-0.896721637865955,1.0,-2.0
8.5093375002034,8.480000000000004,0.1936361988742468,-1.0287449427853723,-0.9308737337455959,1.0,-2.0
8.609310068190098,8.579999999999998,0.20567882435312024,-1.0454788839605518,-0.9638748833084188,1.0,-2.0
8.709480294957757,8.680000000000007,0.21719606930005594,-1.062643993790176,-0.9961231510633335,1.0,-2.0
8.81013444904238,8.780000000000001,0.2281924771254428,-1.0802190129813787,-1.02749433925533,1.0,-2.0
8.910668022930622,8.879999999999995,0.2386855676078927,-1.098203627578949,-1.0579215279200938,1.0,-2.0
9.010930559132248,8.980000000000004,0.24868292891014376,-1.1165703643675795,-1.0867913305081476,1.0,-2.0
9.110845688264817,9.079999999999998,0.25819653958099925,-1.1352887658376627,-1.1147367706725184,1.0,-2.0
9.210870815906674,9.180000000000007,0.26735816166915194,-1.154607332330508,-1.1395698764089603,1.0,-2.0
9.311335291247815,9.280000000000001,0.2763000238928344,-1.1746232050788699,-1.1628647458982015,1.0,-2.0
9.410863592289388,9.379999999999995,0.284761253525731,-1.1948471251788289,-1.1870937679324258,1.0,-2.0
9.511421006172895,9.480000000000004,0.2927138005783516,-1.2152850383321232,-1.2128493249430308,1.0,-2.0
9.611290785018355,9.579999999999998,0.30012105755341173,-1.2359374125378952,-1.2405670866143272,1.0,-2.0
9.711267943959683,9.680000000000007,0.30693163896779857,-1.2568087862459965,-1.2713162921344867,1.0,-2.0
9.811262832023203,9.780000000000001,0.313046615050029,-1.2779142767364637,-1.3077584260732549,1.0,-2.0
9.911246660165489,9.879999999999995,0.318318696580149,-1.299267185735326,-1.351641659238043,1.0,-2.0
10.011302987113595,9.980000000000004,0.3225612514427861,-1.3208724757479928,-1.404370077044798,1.0,-2.0
10.111343164928257,10.079999999999998,0.3255662681010356,-1.3427125895241538,-1.4659515207678209,1.0,-2.0
10.211468722205609,10.180000000000007,0.3273265830801921,-1.3645768019716353,-1.485669962167874,1.0,-2.0
10.311847616918385,10.280000000000001,0.3303039920658939,-1.38614001303139,-1.3826798697487916,1.0,-2.0
10.411504768300802,10.379999999999995,0.33546212667223974,-1.407297216096566,-1.2783776798558648,1.0,-2.0
10.511577154975384,10.480000000000004,0.3428019235271831,-1.427790504497901,-1.1720463108511345,1.0,-2.0
10.611655951943249,10.579999999999998,0.3523062002280304,-1.4473656074606256,-1.062932222197106,1.0,-2.0
10.711792408954352,10.680000000000007,0.363915891857342,-1.4657631298471672,-0.9502146316611716,1.0,-2.0
10.811731196939945,10.780000000000001,0.3775201785173074,-1.482721361185004,-0.8384280591313023,1.0,-2.0
10.911785605363548,10.879999999999995,0.39282015397323766,-1.498081569655445,-0.7368267786216196,1.0,-2.0
11.012325108982623,10.980000000000004,0.4093866888547298,-1.5118555385212589,-0.6514239591412047,1.0,-2.0
11.111898170318455,11.079999999999998,0.42673208143709973,-1.5242221225153456,-0.5891504276998477,1.0,-2.0
11.212036886252463,11.180000000000007,0.44494514183792666,-1.5357235508174099,-0.5340101986493806,1.0,-2.0
11.312201693188399,11.280000000000001,0.4637948678173595,-1.5472132271283927,-0.5832294314687843,1.0,-2.0
11.41205813223496,11.379999999999995,0.48181381645714016,-1.5600008153033555,-0.6382227238571374,1.0,-2.0
11.51218823902309,11.480000000000004,0.4993764226130919,-1.5733239186152088,-0.665918212072797,1.0,-2.0
11.612220626324415,11.579999999999998,0.5165421899002209,-1.587198189032463,-0.7075333432369602,1.0,-2.0
11.71227407315746,11.680000000000007,0.5329073734419437,-1.6020544467674462,-0.7635665757507736,1.0,-2.0
11.812330841086805,11.780000000000001,0.5484586442353112,-1.6177087954201161,-0.7998523557769972,1.0,-2.0
11.912324497941881,11.879999999999995,0.5637739146954092,-1.6335254547964044,-0.8101141230785733,1.0,-2.0
12.012447895016521,11.980000000000004,0.5788993064353212,-1.6495156843759047,-0.8214913394850858,1.0,-2.0
12.112397423014045,12.079999999999998,0.5937734541731442,-1.665733389914285,-0.8346368984729193,1.0,-2.0
12.21284500695765,12.180000000000007,0.6084533448381841,-1.6820871146392302,-0.8373093717805877,1.0,-2.0
12.312438128050417,12.280000000000001,0.6231815738891814,-1.6983671255896793,-0.8347362715802439,1.0,-2.0
12.412562315352261,12.379999999999995,0.6379223012476548,-1.7145340298787697,-0.8271420038293654,1.0,-2.0
12.512607621960342,12.480000000000004,0.6527818918556674,-1.7305323707638305,-0.8181007950324516,1.0,-2.0
12.612859357148409,12.579999999999998,0.6678149353480567,-1.7464578890709372,-0.8109861713072443,1.0,-2.0
12.712731396313757,12.680000000000007,0.6829654073072542,-1.7623311604741836,-0.8055315640566456,1.0,-2.0
12.813237480353564,12.780000000000001,0.6977801359441451,-1.7776863463565273,-0.8001684891014492,1.0,-2.0
12.91318052727729,12.879999999999995,0.7123760192763904,-1.7926526626500292,-0.7952605944775658,1.0,-2.0
13.013320344034582,12.980000000000004,0.7268867217568195,-1.807337101983862,-0.7828629512774792,1.0,-2.0
13.113005423918366,13.079999999999998,0.7415100622503823,-1.8216464983509069,-0.7674199922399434,1.0,-2.0
13.213448908179998,13.180000000000007,0.7560904357885851,-1.8354436729888002,-0.7435578145731413,1.0,-2.0
13.313121478073299,13.280000000000001,0.7708424047891936,-1.8486483471491284,-0.7179141332532668,1.0,-2.0
13.413553492166102,13.379999999999995,0.7858154710450008,-1.8613748968700092,-0.6896035380603064,1.0,-2.0
13.513240842148662,13.480000000000004,0.8011246865367024,-1.8736352943279502,-0.6618972285798259,1.0,-2.0
13.61326323915273,13.579999999999998,0.8171567081933993,-1.885817572113557,-0.6409676900997456,1.0,-2.0
13.6910833963193,13.659999999999997,0.8302628150463747,-1.8955204561477823,-0.6319231549049581,1.0,-2.0
